Title,Summary
"A survey of aiops in the era of large language models","… In summary, comprehensive studies exploring AIOps in the era of LLMs are lacking. In this study, we present the irst comprehensive survey that covers the entire process of AIOps in the …"
"[PDF] Benchmarking AIOps-Driven Fault Prediction and Prevention in Cloud-Native Environments","… AIOps. This paper has a comprehensive plan for the proactive fault prediction, detection, and mitigation of cloud-native infrastructures with the use of AI and AIOps. … integrated with AIOps-…"
"[PDF] Beyond devops: The evolution toward intelligent it operations with aiops and mlops","… AIOps streamline the monitoring process through intelligent … AIOps and MLOps are revolutionizing IT operations and … of DevOps has driven the emergence of AIOps and MLOps on …"
"[HTML] A practical approach to defining a framework for developing an agentic AIOps system","… for IT Operations (Agentic AIOps), an approach that integrates … and developing an Agentic AIOps system that proactively … We conclude that this Agentic AIOps system represents a …"
"Preliminary Results of a Systematic Mapping Study of AIOps Practices and Trends","… This work aims at identifying the main AIOps techniques … strategies most often applied on AIOps. Classical machine learning … quality attributes improved by applying AIOps techniques. …"
"Observability and AIOps in Cloud-Scale DevOps: Technologies, Architectures, Challenges, and Future Trends","… Artificial Intelligence for IT Operations (AIOps) leverages … a comprehensive review of observability and AIOps for cloud-scale … In two enterprise case studies, integration of AIOps with ob…"
"[PDF] AIOPS EVOLUTION: FROM REACTIVE MONITORING TO PREDICTIVE SERVICE MANAGEMENT IN HYBRID CLOUD ENVIRONMENTS","… This piece tells how AIOps came to fruition, from rulebased … This study examines leading AIOps techniques, including … of AIOps. Directions for future work, including deep learning, …"
"Algorithmic AIOps and AI-Driven DevOps for Intelligent Software Deployment and Operations in Cloud-Native Enterprises","… and empirical synthesis of how AIOps and AI-driven DevOps … ), this study integrates broader AIOps research on anomaly … The article positions AIOps not as a standalone toolset but as …"
"Improving the Infrastructures of AIOps by Bridging the Data Gap","… AIOps solutions, we begin by analyzing AIOps practices in real-world projects. We characterize 119 AIOps … -based projects to identify the distinct traits of AIOps practices. In particular, we …"
"The State of AIOps: Adoption, Trends, and Organizational Strategies in IT Operation","… of AIOps and view it as an integral part of the next generation of IT services. It’s safe to say that AIOps … trends in IT operations and AIOps adoption in the context of Indian IT organisations. …"
"Utilizing AIOps for Predictive Maintenance in Hybrid Cloud Environments","… In this paper, we share our experience with the use of AIOps to implement predictive … AIOps can be utilized for predictive maintenance in a hybrid cloud setting and 2) assess the AIOps' …"
"Enhancing site reliability engineering through AIOps: A framework for next-generation IT operations","… This paper proposes a framework for integrating AIOps … AIOps, identifying their respective strengths and limitations. I then present our integrated framework, detailing how AIOps …"
"Designing an AIOps (Artificial Intelligent Operations) Framework for Energy-Efficient IT Operations: A Case Study on Cloud Computing Environment","… Although AIOps has always concentrated on raising … This work presents a new AIOps architecture intended especially … of An allencompassing AIOps framework architecture, including …"
"EXPLAINABLE AIOPS: A DEEP SURVEY ON TRUSTWORTHY AND TRANSPARENT AI IN CLOUD-SCALE DEVOPS AUTOMATION","… Artificial Intelligence (XAI) into AIOps has emerged as a key … However, the landscape of explainable AIOps is fragmented … We develop a taxonomy of explainable AIOps techniques, …"
"[PDF] Operationalizing Trust in AIOps","Modern cloud systems generate overwhelming amounts of telemetry, making incident diagnosis increasingly difficult and motivating interest in AI-assisted observability. Despite this …"
"KAIOPS: A Platform Solution of End-to-End Multi-Modal AIOps for AI Training at Scale","… Beyond anomaly detection and classification, production-grade AIOps solutions must deliver … In this paper, we propose KAIOPS, an end-to-end AIOps solution of anomaly management …"
"[PDF] Monitoring and Maintaining Machine Learning Models Against Concept Drift in the Context of AIOps Systems","… For the remainder of the thesis, we focus on one particular category of AI systems, namely AIOps systems. Thus, we experiment with the following AIOps system: failure prediction, …"
"Edge-Enabled Intelligence: Leveraging Cloudless AI and AIOps Frameworks","The rise in online shopping has made it much easier for criminals to commit fraud, so new ways to find and stop it are needed. This paper presents a new way to improve fraud detection …"
"From Ops to Experience: AIOps-Enabled MLOps with Identity-Aware and Customer-Informed Pipelines","… To address these limitations, we propose a novel MLOps framework that integrates AIOps for anomaly detection and self-healing, IAM for policy-based access governance, and customer…"
"[PDF] AIOps in cloud computing: Automation performance Monitoring with AI and New Relic","… This research study analyzes AIOps applications within cloud environments through … aspects of implementing AIOps in contemporary cloud-based platforms. This paper studies AIOps …"
"Data-Driven and Automated AIOps for IP Network Management","… To objectively evaluate the performance of our AIOps system, we compare it against traditional manual operations and two state-of-the-art IP network fault management systems: …"
"Beyond Reactive IT: Quantifying the Transformative Impact of AIOps on Service Management","… , AIOps enables contextual enrichment of incidents, automated remediation workflows, and data-driven change risk assessment. This paper presents a maturity model for AIOps … AIOps …"
"AIOpsLab in Action: An Open Platform for AIOps Research","… earlier [30], the emerging adoption of AIOps, ie, the use of AI to … We are on the cusp of AIOps agents being able to … • AIOps researchers who have been working on AIOps related topics …"
"Systematic Literature Review of Agentic AI and AIOps Across Software Lifecycle","… ) and AI for IT Operations (AIOps) are evolving concepts that bring … Operations is the most advanced: AIOps capabilities have … gain the most by first using AIOps, then piloting AI-assisted …"
"[PDF] The Rise of AI Operations (AIOps) Specialists in Enterprise Workflows","… -driven infrastructures, AIOps specialists are becoming essential … AIOps roles, the skills required, and their strategic impact on enterprise workflow efficiency. It also highlights how AIOps …"
"When AIOps Become"""" AI Oops"""": Subverting LLM-driven IT Operations via Telemetry Manipulation","… system telemetry to mislead AIOps agents into taking actions … Ultimately, this work exposes AIOps as an emerging attack … “AIOps agent” to refer to an agent that performs an AIOps task…"
"Advanced Observability and AIOps Framework for Intelligent IT Operations Management","… This paper presents a comprehensive observability and AIOps (Artificial Intelli-gence for IT … The results indi-cate that AIOps-driven observability can substantially improve operational …"
"The Synergy of Observability and AIOps: Driving Proactive Operational Intelligence","… Intelligence for IT Operations (AIOps) in modern digital … system visibility, while AIOps applies machine learning algorithms to … foundation for increasingly sophisticated AIOps capabilities. …"
"From Agile DevOps to AIOps: Transforming Infrastructure Operations Through AI-Driven Automation","… AIOps proposes machine learning and automation to eliminate this restriction. This paper explores the use of AIOps in … By drawing the comparison between DevOps and AIOps …"
"[PDF] Growing Demand for AI Operations (AIOps) Experts in Automation-Driven Workplaces","… This shift has increased the demand for specialized AIOps … This paper explores the drivers behind the rising need for AIOps … the long-term impact of AIOps on workforce structures and …"
"[PDF] Integrating large language model agents in AIOps: Research and development of the MCP protocol","The integration of large language model (LLM) agents into Artificial Intelligence for IT Operations (AIOps) represents a transformative approach to enhancing IT system management. …"
"Saliency Time-Series Anomaly Detection Service for AIOps","Artificial Intelligence for IT Operations (AIOps) platform needs to monitor the status of massive microservices to alert potential failures. In China Mobile Cloud, we develop a time-series …"
"[PDF] The Effect of AIOps on R&D Efficiency in Chinese Technology Enterprises: The Moderating Role of Human-AI Integration","… (AIOps) implementation on research and development (R&D) efficiency in Chinese technology enterprises. Using a structured survey approach, we examine how AIOps … that AIOps …"
"[PDF] Cognitive Cloud Resilience: Integrating AIOps and MLOps for Predictive Fault Management and Compliance Automation","… )—a unified AIOps–MLOps … AIOps, CCRF ensures reproducibility, sustainability, and auditability within mission-critical workloads. The study concludes that the convergence of AIOps …"
"Reducing Mean Time to Repair (MTTR) with AIOps: An Advanced Approach to IT Operations Management","… AIOps can significantly improve IT service and system reliability along with operational efficiency. The findings of this research suggest that using AIOps … adoption of AIOps can lead to …"
"Edge-Enabled Intelligence: Leveraging Cloudless AI and AIOps Frameworks for Advanced Fraud Detection in Retail Transactions","The rise in online shopping has made it much easier for criminals to commit fraud, so new ways to find and stop it are needed. This paper presents a new way to improve fraud detection …"
"[PDF] The Evolution of DevOps to AIOps: A Conceptual Framework for Intelligent Automation","… automation that bridges the gap between DevOps and AIOps. By examining the essential components and processes involved in AIOps, this study provides organizations with a …"
"[PDF] Automated Incident Response and Self-Healing Mechanisms in Intelligent IT Operations (AIOps)","… (AIOps) as a transformative approach to monitoring, event correlation, and automated incident management. AIOps … Within the AIOps paradigm, automated incident response and self…"
"Hyper-Automated AIOps for Unified Operations Orchestration in Industry","… as """"AIOps islands"""" [8], where AI-driven insights fall short in terms of coordinated operational reactions. This paper introduces OmniOrchestrate, a hyper-automated AIOps … of AIOps [12]: …"
"AI Report-Federated AIOps for Multi-Cluster OpenShift","… AIOps can reduce alert duplication and optimize incident management, which provides an open-source alternative to official AIOps … effect of Federated AIOps in improving operational …"
"Empowering aiops: Leveraging large language models for it operations management","… (ITOM), commonly referred to as AIOps, offers substantial potential for automating workflows, … persistent challenges in AIOps and enhance the capabilities of IT operations management. …"
"Deep anomaly detection of temporal heterogeneous data in AIOps: a survey","… of leveraging LLMs for AD in AIOps within the communication domain, highlighting their … LLMs, we provide valuable insights and guidance for future research efforts in AD for AIOps. …"
"[HTML] AIOps for log anomaly detection in the era of LLMs: A systematic literature review","Modern IT systems generate large volumes of log data that challenge timely and effective anomaly detection. Traditional methods often require intensive feature engineering and …"
"AIOps-Powered Entrepreneurship: Harnessing AI for Operational Excellence and Rapid Growth","… Understanding the nuances of AIOps in entrepreneurship was pivotal for … of AIOps adoption. The rationale behind this study lay in the recognition of the transformative potential of AIOps …"
"AI-Driven AIOps for Proactive Incident Detection and Auto-Remediation in AWS Cloud Environments","… This paper presents an AI-driven AIOps framework for proactive incident detection and … a practical roadmap for intelligent operations (AIOps) in modern enterprise environments, …"
"A Framework For Real-Time Root Cause Analysis In Connected Vehicle Iot Data Streams Using Aiops","… In this paper, we propose a novel, multi-layered architecture that integrates AIOps (Artificial … The remainder of this section examines the key challenges to implementing the AIOps …"
"From Alerts to Insights: An Integrated AIOps Framework for Multi-Modal Fault Warning and Causal Root-Cause Recommendation","The escalating complexity of modern IT infrastructures necessitates advanced operational frameworks capable of preemptive fault management. This paper presents the design and …"
"Aiops–driven Adaptive Anomaly Detection in Evolving Cloud Environments using Transfer Learning","… This thesis proposes an AIOps-driven adaptive anomaly detection framework that integrates drift detection and Transfer Learning for real-time monitoring of containerized workloads. By …"
"Summary Report of the 6th Cloud Intelligence/AIOps Workshop 2025","The International Workshop on Cloud Intelligence / AIOps is a forum for researchers, scientists, engineers, and practitioners to share and learn AI/ML powered DevOps solutions for …"
"AIOPS-Enabled IoT Framework for Intelligent Early Warning and Disaster Management Systems","… This chapter presents a novel AIOps-enabled IoT framework … Artificial Intelligence for IT Operations (AIOps) to enable real-… for scalable data handling, the AIOps layer for deep learning-…"
"[PDF] Hybrid Cloud Intelligence: AIOps-Driven Orchestration for Financial and Cross-Domain Infrastructure Optimization","… This review synthesizes the state of the art on AIOpsdriven orchestration for hybrid cloud … The review surfaces six persistent gaps: end-to-end convergence of AIOps+MLOps under …"
"[PDF] Automated Incident Response in Hospital IT through AIOps-Driven DevOps Pipelines","… This paper proposes an AIOps-driven DevOps pipeline that automates incident detection and remediation across hospital IT environments by combining statistical anomaly analysis, …"
"[PDF] The Effect of AIOps on Digital Transformation in Chinese High Tech Enterprises: The Moderating Role of Human-AI Interaction","This study investigates the influence of Artificial Intelligence for IT Operations (AIOps) on the digital transformation of high-tech enterprises in China, with a specific focus on the …"
"A Comprehensive Survey on AIOps for Alert Storm Management in Microservices: Understanding, Techniques, and Metrics","Artificial Intelligence for IT Operations (AIOps) has emerged as a critical paradigm for maintaining the high availability and reliability of large-scale distributed systems. As modern …"
"The effect of AIOPs and automation on software development practices","… to fill this knowledge vacuum, this paper investigates how automation is used in AIOps. … on AIOps are identified in prior literature? – How automation affects the use of AIOPs in the …"
"[HTML] Log anomaly detection in AIOps: A real-world implementation using Large Language Models","This study investigates the application of Large Language Models (LLMs) for log anomaly detection within the emerging field of AIOps, where large-scale operational logs are …"
"Enhancing Retail System Resilience Through Integrated Cloudless AI and AIOps: A Framework for Real-Time Market Adaptation and Consumer Behavior Response","… AIOps concurrently uses artificial intelligence and machine learning to automate IT … By suggesting and assessing a complete framework for integrating cloudless AI and AIOps especially …"
"[PDF] Sustainable Cloud-Native Automation: Benchmarking AIOps and MLOps for Predictive, Secure, and Green Infrastructure Management","… in AIOps and MLOps offer transformative potential to address these challenges. AIOps enhances … When integrated, AIOps and MLOps establish a closed-loop automation cycle where …"
"Aiopsarena: Scenario-oriented evaluation and leaderboard for aiops algorithms in microservices","AIOps algorithms playa crucial role in the mainte-nance of microservice systems. Many previous benchmarks' per-performance leaderboard provides valuable guidance for selecting …"
"Augmenting Human Decision-Making: Exploring AI-Driven Automation in IT Operations (AIOps) for Enhanced Efficiency and Innovation","This article analyzes how artificial intelligence (AI) has changed the IT industry, ushering in an age of unmatched technical growth and new potential for human-AI communication. …"
"Multi-Agent Systems in AIOps: Enhancing Detection, Diagnosis, and Remediation","… AIOps framework. We propose a decentralized architecture where multiple autonomous agents, developed primarily in Python, work together to achieve AIOps … core AIOps capabilities …"
"Transforming Food Systems: Harnessing the Power of AIOps and MLOps in AgriTech","The rapid evolution of artificial intelligence (AI) technologies is revolutionizing food production, enhancing efficiency, sustainability, and scalability. This chapter explores the …"
"Simple Agentic AI workflow for AIOPS (Agentic AIOps)","… AIOps through the deployment of autonomous, goal-oriented agents. Artificial Intelligence for IT Operations (AIOps) refers … AIOps settings. Using AI agents to accomplish different tasks in …"
"Aiops for reliability: Evaluating large language models for automated root cause analysis in chaos engineering","As modern IT infrastructures grow in complexity, root cause analysis (RCA) is becoming increasingly crucial for Site Reliability Engineering (SRE). Traditional RCA relies heavily on …"
"Hybrid AIOps for Resilient Data Pipelines: Integrating Statistical Analysis, Graph Intelligence, and Autonomous Agents for Proactive Maintenance","… This paper will introduce the Hybrid AIOps that combines graph-based dependency … -based reasoning as the capabilities of AIOps systems to evolve beyond the reactive monitoring to …"
"Aiopslab: A holistic framework to evaluate ai agents for enabling autonomous clouds","… Addressing this gap requires a framework that aids the design, development, and evaluation of AIOps agents within an interactive environment, a key contribution of this paper. …"
"AI in DevOps: A Framework for Predictive Maintenance and Automated Issue Resolution","… DevOps is artificial intelligence for IT operations (AIOps). Combining artificial intelligence with machine learning, AIOps compiles, analyzes, and correlates massive amounts of disparate …"
"Prepared for the Unknown: Adapting AIOps Capacity Forecasting Models to Data Changes","… RELATED WORK This section begins with an overview of the AIOps domain and the challenges faced by AIOps models due to changes in data over time, particularly in applications …"
"[PDF] Autonomous AIOps Frameworks for Self-Healing Critical Infrastructure in Hybrid and Multi-Cloud Environments","… This research investigates how autonomous AIOps frameworks can underpin self-healing … Understanding and designing effective autonomous AIOps frameworks requires deep …"
"Integrating Few-Shot and Transfer Learning: The Role of Transfer Identifiers in Closed-System AIOps","… of a transferability indicator within the AIOps framework for the … We propose an AIOps framework that integrates few-shot … , forming a foundation for trustworthy AIOps. (3) Knowledge …"
"[PDF] Intelligent DevOps and AIOps: Automating Deployment, Monitoring, and Incident Response","The growing complexity of enterprise processes and the demand for operational efficiency have accelerated the adoption of AI-based process mining as a cornerstone of business …"
"A Pedagogical Approach for Evaluating AIOps","Troubleshooting and fault detection by identifying root causes of issues is a key activity in IT Operations when maintaining large, complex systems. During the past few years, AI for IT …"
"NextGen AI-Infused IT Operations Model: Revolutionizing Application Maintenance for Modern Enterprises","… The final stages involve integrating AIOps and automation tools to enable … For instance, research on AIOps highlights its ability to analyze vast datasets, identify patterns, and predict …"
"From Reactive IT to Cognitive Operations: The Evolution of AI-Driven DevOps in Large-Scale Software Systems","… AI-driven DevOps, often encapsulated under the umbrella of AIOps, provides a framework … We examine the historical evolution of DevOps, contextualize the emergence of AIOps within …"
"[PDF] MCP Protocol's Capability in Integrating LLM Models: A Study within High-Tech AIOps R&D Processes","… , offering actionable insights for AIOps engineers. Second, we … MCP within enterprise AIOps environments, bridging the gap … By aligning network protocol research with emerging AIOps …"
"Toward Context-Aware Anomaly Detection for AIOps in Microservices Using Dynamic Knowledge Graphs","Microservice applications are omnipresent due to their advantages, such as scalability, flexibility and consequentially resource cost efficiency. The loosely-coupled microservices can be …"
"CoE-Ops: Collaboration of LLM-based Experts for AIOps Question-Answering","… AIOps implementations that utilize LLMs for DevOps optimization, a critical challenge lies in selecting appropriate AIOps models for different AIOps … bottleneck for AIOps advancements. …"
"Large Language Models for Online Log Parsing in AIOps","Logs play a crucial role in modern software development by providing essential runtime information. Automated log analysis begins with log parsing, which transforms unstructured log …"
"Can We Recycle Our Old Models? An Empirical Evaluation of Model Selection Mechanisms for AIOps Solutions","… Existing AIOps solutions usually maintain AIOps models … However, there is no prior work in the AIOps area that assesses … in selecting the optimal AIOps models that were built in the past …"
"[PDF] Evaluation, Interpretation, and Maintenance of Machine Learning Models for IT Operations","… We assess the factors that impact the consistency of AIOps model interpretations. We … from AIOps models. We evaluate model update strategies for maintaining AIOps solutions in terms …"
"[PDF] Adaptive Governance in Financial IT Ecosystems: Merging MLOps, AIOps, and Hybrid Methodologies for Agile Compliance","… This review synthesizes current developments in AIOps, … Through the integration of AIOps for observability, MLOps for … Empirical findings across literature suggest that the fusion of AIOps …"
"[PDF] HUMAN-AI COLLABORATION IN CLOUD AUTOMATION: EMPOWERING TEAMS WITH INTELLIGENT TOOLS","… (AIOps) has emerged as a cornerstone of modern cloud management strategies, with the global AIOps … Fortune 1000 companies have now implemented AIOps solutions, resulting in an …"
"From Coding to Curation: Reconfiguring Software Engineering Roles amid Generative AI, Low-Code/No-Code Platforms, and AIOps","Context: The incorporation of generative artificial intelligence, low-code and no-code platforms, and AIOps-based practices has been producing relevant transformations in software …"
"… AND OBSERVABILITY-DRIVEN RELIABILITY IN VOLATILE FINANCIAL SYSTEMS: INTEGRATING SRE, MLOPS, AND AIOPS FOR CONTINUOUS UPTIME","Financial systems operate at the intersection of extreme transactional velocity, regulatory pressure, algorithmic decision-making, and unpredictable macroeconomic shocks. In such an …"
"AI-Driven Release Agents: Leveraging Aiops And Generative AI Frameworks For Predictive And Reliable Software Delivery","The integration of AIOps and Generative AI models has radically altered the software release management workflow by adding intelligent agents to it that can autonomously make …"
"Techniques to Improve the Parsing of Unstructured Logs for AIOps","… AIOps—they provide the fundamental data on system events, user activities, and performance metrics that AIOps … , scalability, and effectiveness of AIOps. This thesis develops novel …"
"TAMO-FoA: Tool-Augmented AIOps for Reliable RCA in Cloud-Native Systems","… that fundamentally outpace human and traditional AIOps capabilities. This creates a critical … To address these challenges, the field of Artificial Intelligence for IT Operations (AIOps) has …"
"[PDF] Event Noise Reduction and Alert Prioritization Using Natural Language Processing in AIOps","Enterprise IT infrastructures have grown increasingly complex, dynamic, and distributed, resulting in the generation of massive volumes of system events, alerts, and log data. While …"
"[HTML] SHAPING THE FUTURE: TOP DEVOPS TRENDS TO WATCH IN 2025","… shape the evolution of DevOps in 2025: AIOps, DevSecOps, serverless architecture, MLOps, … The emergence of Generative AI within AIOps tools is significantly changing how anomalies …"
"[PDF] A Review of Artificial Intelligence Applications in Cloud Operations: Automation, Optimization, and Future Directions","… explores how AI is being used in cloud processes over the years, starting with an on-premises origin to a distributed model, edge model, and hybrid models and explains how AIOps is …"
"[PDF] AI-Enhanced DevSecOps Pipelines: ChatOps, Compliance Automation, and Intelligent Incident Response","… The study positioned AIOps and MLOps convergence as the logical successor to DevOps, forming the foundation for AI-driven DevSecOps ecosystems capable of self-diagnosis and …"
"DevSecPrivacyAIOps: An integrated framework for intelligent security, privacy, and operations in modern software development","… We introduce a complete approach comprising mathematical models for AIOps intelligence quotient, privacy protection efficacy, and risk assessment. Over a 12-month implementation …"
"ARTIFICIAL INTELLIGENCE INTEGRATION IN IT OPERATIONS FOR SMARTER SYSTEM MANAGEMENT","… Consequently, the integration of AI within ITOps― commonly referred to as AIOps―has gained significant attention in both academic and industrial circles. AIOps platforms leverage …"
"Enterprise Cloud Infrastructure Evolution: from Manual Operations to AI-Driven Autonomous Systems","… This comprehensive review examines the convergence of infrastructure-as-code, platform engineering, AIOps, and emerging technologies in shaping contemporary enterprise cloud …"
"Artificial intelligence for IT operations and operations","… (2021) address barriers to AIOps adoption and advocate for collaborative efforts to unify … or network analysis in evaluating the state of AIOps literature among reviewed publications. …"
"Enhancing AIOps with LILT: A LoRA-Based Incremental Learning Transformer for Robust Adaptation to Concept Drift","With the widespread application of artificial intelligence technology in the field of operations and maintenance, AIOps (Artificial Intelligence for IT Operations) has become a key …"
"[PDF] Human-Computer Harmonic AIOps: Musical Encoding of Battery Health Metrics in Cloud-Native Monitoring","This study introduces a novel AIOps framework that leverages musical encoding to monitor battery health in cloud-native systems. By transforming complex battery metrics into auditory …"
"MS-TDNet: Multi-Scale Feature-Based Network for Time Series Anomaly Detection in AIOps","To address the complexity and dynamic challenges of anomaly detection in multi-source heterogeneous time series data in AIOps, this study proposes a deep network model based on …"
"Exploring the Integration of Artificial Intelligence and DevOps for Agile Product Development","… ” is addressed through an exploration of the adoption of AI and machine learning algorithms, the challenges associated with their integration, and the emergence of concepts like AIOps …"
"[PDF] The Innovation: Agentic AIOps: Building Autonomous SRE","… This chapter establishes the foundational understanding of Agentic AIOps by tracing the … A formal definition of Agentic AIOps is presented, distinguishing it from conventional AIOps …"
"AI-Driven Observability in Hybrid-Cloud SAP Ecosystems: Utilizing Machine Learning for Proactive Anomaly Detection and Self-Healing Infrastructure.","… The AIOps platforms, through intelligent automation and predictive analytics, bridge this gap. The Neural Digital Twin design generates a virtual version that, like a human, keeps …"
"A Review of Machine Learning Approaches for Real-Time Alerting in Service Level Objective Monitoring","… The related research in AIOps regarding SLO alerting breaches is limited. Therefore, the … The review in this research expands the earlier AIOps survey results [1] with online and offline …"
"[PDF] Exploring the Impact of AI on Reducing IT Downtime and System Failures","… One of the most impactful developments in this space has been the emergence of AIOps. AIOps platforms use machine learning algorithms to analyze vast amounts of data from various …"
"AI-Driven Cloud Infrastructure Provisioning: Leveraging Machine Learning, Observability, and IaC for Autonomous Cloud Operations","This study examines how Artificial Intelligence (AI) transforms the cloud infrastructure provisioning process, a fundamental element of contemporary IT management. Organizations can …"
"AI-Augmented Software Engineering for Rapid Feature Delivery and Operations Automation","… In deployments akin to our setting, these AIOps practices also support post-release regression analysis (eg, highlighting performance hotspots from traces) and capacity planning via …"
"Integrating AI with Cloud Computing: Architecture, Benefits, and Emerging Innovations","… article will also discuss how AI technology can enhance Cloud environments through automation, predictive analytics, improved data management, and tools such as Chatbot and AIOps…"
"The evolution of AI in software quality and cloud management: A framework for autonomous systems","… AIOps represents the integration of artificial intelligence into operational processes, … Contemporary research in cloud computing journals highlights that AIOps platforms have evolved …"
"A Survey on AgentOps: Categorization, Challenges, and Future Directions","… We advocate for a hybrid approach that integrates established AIOps methodologies with emerging, agent-specific diagnostic techniques. This layered strategy allows us to apply the …"
"[PDF] AI-Powered Observability Platforms for End-to-End Visibility in Distributed Enterprise Systems","… Furthermore, integration with AIOps frameworks allows observability platforms to trigger automated remediation actions, such as restarting failed services or reallocating resources, …"
"DeLSTM-AE: A Decomposition-Driven Framework for Univariate Time Series Anomaly Detection","… This study uses the publicly available AIOps 2018 dataset [25], published as part of the AIOps Anomaly Detection Challenge by Tsinghua University in collaboration with major internet …"
"[PDF] Machine Learning Techniques for Anomaly Detection in Cloud and Hybrid IT Environments","… As cloud adoption continues to accelerate, ML-driven anomaly detection is becoming a foundational capability for intelligent IT operations (AIOps), automated incident response, and …"
"[PDF] Explainable AI (XAI) for Network Operations and Troubleshooting","… Our objective is to introduce a conceptual framework to include XAI into AIOps pipelines and therefore, we carry out its evaluation using the use cases in the fault detection, anomaly …"
"Proactive Cloud Operations: Leveraging Predictive Orchestration and Generative AI for Observability and Incident Mitigation","… The industry's response has been the rise of AIOps (Artificial Intelligence for IT Operations), which applies machine learning to operational data. Early AIOps platforms have focused …"
"Network Connection Management Based on the Integration of Artificial Intelligence for IT Operations and Threat Intelligence Databases","… Therefore, the main contributions of this article are: (A) Integration of multi-source Threat Intelligence into AIOps, the proposal embeds public cyber threat intelligence into the AIOps …"
"Embracing The Opportunity Of Artificial Intelligence For IT Operations In The South African Mobile Network Industry","… driving determinants influencing the adoption of AIOPS in the South African mobile network … significant reason for the application of AIOPS in the mobile industry Artificial intelligence is …"
"Automation And Intelligence In IT Operation Management: Machine Learning for Capacity Planning and Load Testing Optimization","… AIOps (… AIOps system. These tools will act as intermediaries for monitoring and maintaining large scale systems. This integration will establish a fully managed architecture, where AIOps …"
"Artificial Intelligence-Driven Optimization of DevOps and Cloud Infrastructure: A Comprehensive Review of Intelligent Automation, Predictive Analytics, and IT Service …","… AI-driven DevOps, often referred to as AIOps, represents the confluence of machine learning (ML… AIOps leverages historical performance metrics, real-time monitoring data, and anomaly …"
"Agent-Based Intelligent Operations and Maintenance for Artificial Intelligence Data Centers","… challenges faced by the traditional O&M model in AIDCs, academia and industry are exploring a more advanced operational paradigm: Agent-based Operations, also known as AIOps. …"
"[PDF] FRAMEWORK FOR AUTOMATED LOG ANOMALY","… The proposed system offers a transparent, deployable alternative to heavyweight AI models, aligning with the operational goals of AIOps for dependable and interpretable anomaly …"
"A Unified AI System For Data Quality Control and DataOps Management in Regulated Environments","… , these stages are interconnected and form the backbone of a trustworthy DataOps and AIOps ecosystem. Automating these steps is essential because data quality, model performance, …"
"[PDF] Using Natural Language Processing for Log Analysis and Automated Alert Prioritization","… automated alert prioritization within enterprise IT and AIOps platforms. By leveraging text preprocessing… to the broader adoption of AI-driven operations (AIOps) in modern IT ecosystems. …"
"Autonomous Incident Handling in Regulatedfinancial Systems: A Closed-loop Ai Frameworkfor Kubernetes Environments","… Although the application of AIOps technologies has significantly enhanced the process of identifying anomalies and correlating the alerts, in most cases, the production scenarios rely …"
"The Evolution of Release Engineering: From Manual Deployments to Fully Automated Cloud Pipelines","… One of the trends of all interviews was AI explainability: Although we realized that AIOps offered a great improvement in both the reliability and compliance teams were not convinced …"
"Artificial intelligence for IT operations and operations management: An exploration","… (2021) address barriers to AIOps adoption and advocate for collaborative efforts to unify … or network analysis in evaluating the state of AIOps literature among reviewed publications. …"
"[PDF] AI-Driven Performance Tuning of Jenkins Pipelines in Scalable DevOps Environments","… Ultimately, the research contributes to the growing field of AIOps by showcasing how AI-enhanced automation in DevOps environments can lead to higher software delivery velocity, …"
"[PDF] Застосування концепцій Observability та AIOps для інтелектуального аналізу подій моніторингу ІТ-інфраструктури","Пояснювальна записка кваліфікаційної роботи магістра студента групи М КН 2024-1 спеціальності 122 (F3)«Комп’ютерні науки» Малого Андрія Юрійовича на тему «…"
"AI-Augmented Devsecops Security: Integrating Neural Vulnerability Detection, Adaptive Learning, And Policy-Driven Automation Across Modern CI/CD Pipelines","… cloud-native security automation, and AIOps-enabled operational intelligence. Drawing exclusively … ecosystems, and the emerging importance of AIOps in enabling self-healing pipeline …"
"Die IT wird künftig noch eigenständiger werden: Die IT wird künftig noch eigenständiger werden","… AIOps-Systeme machen die Netzüberwachung aber nicht nur effizienter, sondern ermöglichen auch einen komplett anderen Umgang mit Know-how: Durch die Integration von …"
"[PDF] From Detection to Enforcement: AI-Driven Control Planes for Secure Cloud-Native Linux Infrastructure","… The application of AI to IT operations (AIOps) has matured significantly. Sannareddy (2024) … This work moves beyond traditional AIOps systems that rely on static rules, demonstrating …"
"Research on Big Data Analysis and Anomaly Detection Algorithms in Intelligent Operations and Maintenance","… This article examines the importance of intelligent operation and maintenance (AIOps) in the context of complex and large-scale modern IT infrastructure, especially in the application of …"
"[PDF] COGNITIVE AGENTS IN DEVOPS: TRANSFORMING OBSERVABILITY, INCIDENT RESPONSE, AND POLICY-AWARE AUTOMATION","This work introduces the Cognitive DevOps Assistant (CDA)—an intelligent AI system designed to help SRE and DevSecOps teams manage the growing complexity of modern …"
"AI-Driven Predictive Maintenance Framework for Cloud-Native Financial Systems.","… directions include reinforcement learning-based self-healing orchestration, federated learning for collaborative model development across institutions, and integration with AIOps …"
"AI-Augmented Root Cause Analysis: Autonomous Inference Engine for Multi-Layered System Outages","… Our work builds on the ideas of AIOps and self-healing by introducing an autonomous inference engine that blends causal modeling, real-time learning, and system topology awareness …"
"IT Operations KPI Time Serie Forecasting Method Based on Time-Frequency Hybrid Attention Mechanism","… to the emergence of AIOps (Artificial Intelligence for IT Operations). AIOps combines artificial … In the AIOps framework, trend forecasting based on KPI time series data is one of the core …"
"On Learning with Confidentiality through Encrypted AI Pipelines","… CONCLUSION AND FUTURE WORK The purpose of this paper is to introduce a holistic framework for conducting both AIOps and DataOps on sensitive data while ensuring privacy …"
"Reimagining Technical Education: Enhancing X-Ops Learning with Speculative and Experiential Pedagogies","This study examines the integration of futuristic thinking methodologies into X-Ops education, encompassing topics such as DevOps, AIOps, DataOps, and DevSecOps. Traditional …"
"AI-Driven DevOps for Intelligent Automation in Continuous Software Delivery Pipelines","… Intelligent automation and self-healing capabilities are made possible by the combination of AIOps, generative AI, and predictive analytics. The conceptual framework, proposed …"
"[PDF] Advancements in Service Automation and Platform Engineering: A Paradigm Shift in Enterprise Cloud Architecting","… Emerging trends, including edge computing integration, FinOps practices, serverless computing, and AIOps will continue to transform enterprise cloud architecture in the coming years. …"
"Machine Learning-Driven DevOps: A Unified Framework for Autonomous Software Operations","… , particularly in the form of machine learning driven automation, has consequently become a central force in the evolution of DevOps into what is now widely referred to as AIOps and …"
"LLM-Based Anomaly Detection and Semantic Classification for IT Operations (ITOps) Logs","… The primary goal of this paper is to build an efficient and accurate AIOps system. This system … By focusing on this goal, the paper aims to contribute to the advancement of AIOps and its …"
"AI-driven DevOps automation for cloud-native application modernization","… We enrich our discussion with current research advances from 2023–2025, such as AIOps platforms and large language model (LLM) applications in operations. Section 6 discusses …"
"An Investigation of the Current State and Prospective Possibilities for Machine Learning in Reliability Engineering and Safety Applications","With an emphasis on improving Site Reliability Engineering (SRE) practices, this paper explores the present status, efficacy, and future possibilities of Machine Learning (ML) in …"
"CLOUD-NATIVE ENGINEERING AND AI-POWERED AUTOMATION FOR SCALABLE PLATFORMS","… An example of this is AIOps, especially IBM Watson's AIOps, which automates incident management and improves response times for operations. The AIOps platform enables IT teams …"
"Demonstration of Dynamic Logging Framework for Cloud Native Environments","… captures logs from unhealthy microservices and their neighbors, reducing data collection by 95% while maintaining log quality for downstream downstream AI for IT operations (AIOps) …"
"[PDF] REINFORCEMENT LEARNING STRATEGIES FOR AGENTIC AI IN PREDICTIVE AI AUTONOMOUS IT OPERATIONS","… The use of Agentic Artificial Intelligence (AI) as Predictive AIOps will transform how … downtime by integrating anomaly detection and predictive analytics into AIOps [6] Sivakumar, [7] Yang…"
"[CITATION] AI-Augmented DevOps: Autonomous Software Delivery with Large Language Models",""
"Unlocking Insights From Multimodal Data for IT Automation","… network analysis, trustworthy AI, and AIOps. Seema serves on the review … in AIOps, NLP and Generative AI. His recently completed work focused on building a next-generation AIOps …"
"[PDF] AI ML and Cloud Computing: Exploring Models, Challenges and Opportunities","… and network data, AIOps enable detection of faults and issues in services [20]. AIOps facilitates the … By combining AI capabilities with DevOps practices, AIOps enhances operations and …"
"Bridging Smart Device Integration and Financial Operations: An Adaptive IoT Framework for AI-Driven Batch Monitoring","… AI, particularly machine learning (ML), is increasingly applied to anomaly detection in IT operations (AIOps). Time-series forecasting models like ARIMA, Prophet, and LSTM networks …"
"[PDF] An Intelligent Batch Monitoring Tool for Real-Time Detection, Diagnosis, and Recovery in Enterprise Processing Systems","… This paper presented the Intelligent Batch Monitoring Tool (IBMT), a novel AIOps framework … These results underscore the transformative potential of closed-loop AIOps in enhancing …"
"Responsible workload sequence anomaly detection with bi-view feature fusion","… for Artificial Intelligence for IT Operations (AIOps), credible and accurate detection results … between different departments in the enterprise’s AIOps. As a result, important parameters are …"
"AI Powered Cloud Native Platforms for Intelligent DevOps and Real Time Enterprise Data Systems","… The emergence of AIOps has gained academic and industry attention. Researchers argue that traditional rule-based monitoring systems are insufficient for complex distributed …"
"AI-Driven Automation and Reliability Engineering: Optimizing Cloud Infrastructure for Zero Downtime and Scalable Performance","… A major cloud provider's AIOps platform demonstrates the potential of AI-driven incident management at hyperscale. The system processes vast amounts of telemetry signals across …"
"AI-Driven DevOps Insights: Enhancing Operational Efficiency in Banking with GitLab and ServiceNow AIOps","Operating efficiency & resilience are very vital in the fast digital banking scene of the present day. This work investigates how AI-driven DevOps techniques—especially GitLab CI/CD & …"
"AI-Driven Cloud Transformation","… or an AIOps engine either a cloud service (such as Google Cloud’s AI Platform, Azure Machine Learning, or AWS SageMaker for custom machine learning) or some integrated AIOps …"
"Integrating AI-Driven Automation into Modern DevOps: Advancements, Challenges, and Strategic Implications in Software Engineering","… The theoretical foundations of AIOps are rooted in the integration of ML algorithms capable of interpreting extensive system logs, telemetry data, and operational metrics to automate …"
"Intelligent CloudOps: A Unified Monitoring and Management System for Cloud-Native Infrastructures","With the widespread application of cloud computing technologies, enterprises face increasing demands for managing cloud-network resources. Traditional monitoring methods struggle …"
"[PDF] AI MANAGEMENT","… In contrast to MLOps, which focuses only on the operationalization of ML models, and AIOps, which is AI for IT Operations, ModelOps focuses on the operationalization of all AI and …"
"Next-generation observability platforms: redefining debugging and monitoring at scale","… (AIOps) is becoming a fundamental driver of intelligent incident response. Aggregating observability data and using AI-based association methods, AIOps … for utilization in AIOps-driven, …"
"AI-Driven DevOps in Modern Software Engineering—A Review of Machine LearningBased Intelligent Automation for Deployment and Maintenance","… The combination of AI and DevOps sometimes called AIOps is a paradigm shift in going reactive to proactive system management [5][6]. Considering the current fastpaced ML algorithm …"
"[PDF] AI-AUGMENTED GitOps FOR on-prem RED HAT KUBERNETES: A FRAMEWORK FOR PREDICTIVE DEPLOYMENT RISK ANALYSIS AND ROLLBACK …","… Simultaneously, AI- and ML-based AIOps methods have … In addition, the existing literature analyses AIOps methods or … in relation to the most relevant studies on GitOps and AIOps. …"
"AIOps RCA","… OpenSearch is used for anomaly detection and AIOps because it has built-in anomaly detection, provides the algorithms and Vector database needed for AIOps, and is easy to integrate …"
"[PDF] TRENDS IN AUTOMATION SOFTWARE OVER THE LAST DECADE WITH CHALLENGES AND FUTURE PERSPECTIVES","… We break down the evolution of frameworks that now integrate AIOps, cognitive automation, and edge-cloud orchestration, all supported by mathematical models designed to boost …"
"Message from Cloud Intelligence/AIOps Workshop 2025 Chairs","The 6th International Workshop on Cloud Intelligence / AIOps is a forum for researchers, scientists, engineers, and practitioners to share and learn AI/ML powered DevOps solutions for …"
"[PDF] Automation and Observability in Large-Scale Cloud and Network Infrastructures","… Artificial Intelligence for IT Operations (AIOps) further enhances the … AIOps platforms analyze historical and real-time … Beyond detection, AIOps systems can recommend remediation …"
"AI-Powered Automation in Software Development and Deployment through AutoDevOps","The integration of Artificial Intelligence (AI) into software development and deployment processes is revolutionizing the way applications are built, tested, and delivered. This research …"
"AIOps: the Autonomous Network Journey","AIOps: the Autonomous Network Journey … AIOps: the Autonomous Network Journey … Sharma, """"AIOps: the Autonomous Network Journey,"""" in Optical Fiber Communication …"
"[PDF] Operationalizing AI in game development: MLOps infrastructure patterns and frontline insights","… AIOps layers couple gameplay KPIs with model health, enabling automated root-cause analysis and self-healing. The framework also details model-integrity attestation, cheat-detection …"
"{AIOps}: Prove It! An Open Letter to Vendors Selling {AI} for {SREs}","SREs are not known for being eager, optimistic early adopters of shiny new technologies. We are much more likely to subject you to lengthy monologuing about all of the ways said …"
"[PDF] Optimization and Automation of Distributed Enterprise Computing Systems","… Additionally, the integration of Artificial Intelligence for IT Operations (AIOps) is examined as a transformative approach for predictive analytics, anomaly detection, automated incident …"
"[PDF] AI-Driven Hybrid Strategies for Cloud Migration and Modernization of Java Applications","… AIOps solutions combine machine learning with observability data to predict and remediate … trust and auditability, domain-specific AIOps for Java runtime telemetry, linking bytecode-…"
"Generative AI–Driven Observability for Automated Root Cause Analysis in Modern IT Systems: Architecture and Vision","… (AIOps) has emerged in response to the increasing complexity of distributed IT ecosystems and the recognized limitations of traditional monitoring strategies. Gartner’s AIOps framework …"
"Future-Proofing Cloud Infrastructure: AI/ML-Driven Automation for Predictive Cloud Operations","… The current maturity of Fully Automated AIOps in CAIRO's AIOps Framework utilizes a multilevel, complex AIOps platform that requires little to no human interaction within standard …"
"From Speed to Sustainability: AI-Driven Performance Optimization and Its Energy Impact in Enterprise Applications","… This research aligns with the principles of Green AIOps, offering a sustainable approach to … This case study reinforces the role of Green AIOps—integrating AI into IT operations with …"
"[HTML] Применение инструментов искусственного интеллекта для оптимизации управления инцидентами и увеличения надежности IT-продукта","… графовых нейронных сетей для анализа транзакционных данных, методы машинного обучения для автоматической категоризации инцидентов и технологии AIOps для …"
"[BOOK] Artificial Intelligence for DevOps and Site Reliability Engineering: Theories, Applications, and Future Directions","This book offers an in-depth examination of the transformative impact Artificial Intelligence (AI) and Machine Learning (ML) have on DevOps and Site Reliability Engineering (SRE). It …"
"AI-Driven Model-Retraining Architecture to Sustain Operational Accuracy in Data-Drifting Environments","… While contemporary MLOps and Artificial Intelligence for IT Operations (AIOps) pipelines provide continuous integration and deployment mechanisms, most rely on scheduled retraining …"
"Agentic AI for IT and Beyond: A Qualitative Analysis of Capabilities, Challenges, and Governance","… Second, it explores the practical applications and benefits of Agentic AI in IT ecosystems, particularly within AIOps platforms that rely on autonomy and adaptability. Third, it critically …"
"AI Agents for Cloud Operations: Copilot Integration with Azure Monitor and Defender","… Artificial Intelligence for IT Operations (AIOps) has become a central research area for cloud … adopting AIOps platforms have reduced incident resolution times by 40–60%. Early AIOps …"
"Automated bug discovery in cloud infrastructure-as-code updates with llm agents","Cloud environments are increasingly managed by Infrastructure-as-Code (IaC) platforms (eg, Terraform), which allow developers to define their desired infrastructure as a configuration …"
"Orchestrating cross-layer anomaly detection and mitigation to address gray failures in large-scale cloud infrastructure","Cloud infrastructure in production constantly experiences gray failures: a degraded state in which failures go undetected by system mechanisms, yet adversely affect end-users. …"
"[CITATION] Agentic AIOps systems: architectures, capabilities and industrial applications",""
"[HTML] 智能运维 (AIOps) 中时间异构数据深度异常检测方法综述","第五代(5G)移动通信及物联网(IoT)技术的进步推动智能应用的发展,但也使得这些网络日益复杂 化,并容易遭受各类定向攻击.为监测和识别网络异常事件,研究人员提出多种异常检测(AD)模型,…"
"Towards using llms for distributed trace comparison","… 2025 IEEE/ACM International Workshop on Cloud Intelligence & AIOps (AIOps) … 2025 IEEE/ACM International Workshop on Cloud Intelligence & AIOps (AIOps) | 979-8-3315-2638-2/25/$31.00 …"
"AI-Driven Network Management and optimization","… The key to AIOps is Closed-Loop Automation, a continuous cycle that operates with minimal human intervention. This cycle ensures that the network can observe its state, analyze data, …"
"Agentic AI with Chatops for Large Scale Network Operations","Operating large-scale networks necessitates interaction with numerous tools and dashboards for troubleshooting and analysis. Given the sensitivity of network services, minimizing …"
"Cloud infrastructure management in the age of ai agents","… AIOps. LLMs have been applied to log analysis and incident diagnosis for cloud operations [14, 15, 31]. Unlike these specialized tools, which primarily focus on data analytics, our …"
"[CITATION] AIOps 2025","… 2025 IEEE/ACM International Workshop on Cloud Intelligence & AIOps (AIOps) AIOps 2025 … 2025 IEEE/ACM International Workshop on Cloud Intelligence & AIOps (AIOps) …"
"[CITATION] A Practical Approach to Defining a Framework for Developing an Agentic AIOps System. Electronics, 14 (9), 1775",""
"[BOOK] Infrastructure & Ops superstream: AI-driven operations and observability","… AI-driven operations and observability (AIOps) to show how … You'll learn how AIOps empowers system reliability, platform, … of the evolving landscape of AIOps, including the challenges …"
"Towards Converged MLOps and SRE: Adaptive AI-Driven Reliability Strategies in Cloud Environments","… Artificial intelligence operations (AIOps) tools, such as AIOps in Google Cloud and IBM Watson AIOps, apply machine learning to forecast possible outages and preventive measures. …"
"Analyze RCA Data","… If you’re not just monitoring, but you’re using observability to build AIOps or automate and modernize your operations using a CMDB, the existing observability backend alone is not …"
"A Recovery Module for an Incident Management Assistant with Missing and Imbalanced Data","… Intelligence for IT Operations (AIOps) typically rely on abundant, … blueprint for developing effective AIOps decision support tools … This work is primarily focused on the application of AIOps …"
"AIOps 를 활용한 지능형 인프라 모니터링 방안","… AIOps 를 활용한 지능형 인프라 모니터링 방안 … 과거 AIOps 실패 사례로부터 얻은 교훈과 AIOps 재정의 AI 시대 인프라 모니터링을 위한 AIOps 구성 예시 …"
"Breaking the Cycle of Recurring Failures: Generative AI and Root Cause Analysis in Legacy Banking Systems","The banking legacy systems and fragmented ownership often lead to superficial incident resolutions without addressing root causes, resulting in recurring failures. To solve this, we use …"
"[CITATION] Optimizing AIOps Tool Augmented LLM Agents for Reliable and Cost effective RCA","Optimizing AIOps Tool Augmented LLM Agents for Reliable and Cost effective RCA … Optimizing AIOps Tool Augmented LLM Agents for Reliable and Cost effective RCA …"
"A comprehensive investigation of privacy and network security pertaining to industry 4.0 investments in healthcare","Health 4.0 is an innovative approach that holds the potential to revolutionize how we address healthcare, offering a visionary blueprint for the industry’s future. To provide a thorough …"
"[PDF] MACHINE LEARNING-BASED ANOMALY DETECTION FOR REAL-TIME MONITORING OF ENTERPRISE IT INFRASTRUCTURE","… In conclusion, machine learning-driven anomaly detection is essential for modern AIOps strategies and intelligent IT operations. By providing timely, accurate, and actionable insights, …"
"[PDF] Automation and AI-Driven ITSM in Smart Factories","… of the AIOps, RPA, and autonomous service management to reform the ITSM in intelligent factories. Active monitoring and predictive maintenance can be offered by AIOps, which …"
"[CITATION] AIOPS: TRANSFORMING CLOUD AND EDGE INFRASTRUCTURE MANAGEMENT","AIOPS: TRANSFORMING CLOUD AND EDGE INFRASTRUCTURE MANAGEMENT … AIOPS: TRANSFORMING CLOUD AND EDGE INFRA…"
